time,open,high,low,close,volume,symbol
2018-05-17 04:00:00,88400.0,88400.0,88400.0,88400.0,22500,VHM
2018-05-18 04:00:00,88400.0,88400.0,88400.0,88400.0,0,VHM
2018-05-21 04:00:00,88400.0,88400.0,88400.0,88400.0,0,VHM
2018-05-22 04:00:00,94560.0,94560.0,94560.0,94560.0,25,VHM
2018-05-23 04:00:00,91600.0,91600.0,88000.0,88240.0,6049475,VHM
2018-05-24 04:00:00,88640.0,91840.0,88080.0,91600.0,2421550,VHM
2018-05-25 04:00:00,91840.0,95920.0,91600.0,94000.0,2187150,VHM
2018-05-29 04:00:00,93600.0,93760.0,90480.0,92800.0,1105400,VHM
2018-05-30 04:00:00,92800.0,93600.0,90400.0,93600.0,3060325,VHM
2018-05-31 04:00:00,93600.0,94000.0,92080.0,92080.0,1473362,VHM
2018-06-01 04:00:00,92080.0,94000.0,91600.0,93200.0,1018587,VHM
2018-06-04 04:00:00,92800.0,94320.0,92400.0,94320.0,2203287,VHM
2018-06-05 04:00:00,94320.0,95200.0,93600.0,94400.0,1537362,VHM
2018-06-06 04:00:00,94000.0,96720.0,93600.0,96000.0,890287,VHM
2018-06-07 04:00:00,97600.0,97600.0,89280.0,96000.0,1459012,VHM
2018-06-08 04:00:00,96000.0,96720.0,94000.0,96000.0,578675,VHM
2018-06-11 04:00:00,96640.0,96640.0,95200.0,96000.0,532237,VHM
2018-06-12 04:00:00,96000.0,96000.0,93600.0,94400.0,1020387,VHM
2018-06-13 04:00:00,94400.0,94720.0,94080.0,94400.0,361987,VHM
2018-06-14 04:00:00,94400.0,94800.0,93040.0,93600.0,780287,VHM
2018-06-15 04:00:00,94160.0,94160.0,93200.0,93200.0,266437,VHM
2018-06-18 04:00:00,93200.0,94400.0,92800.0,93200.0,782850,VHM
2018-06-19 04:00:00,93200.0,93200.0,91760.0,92000.0,963412,VHM
2018-06-20 04:00:00,85680.0,92800.0,85680.0,92000.0,767475,VHM
2018-06-21 04:00:00,92000.0,92080.0,91200.0,92000.0,146600,VHM
2018-06-22 04:00:00,92000.0,92000.0,91200.0,91360.0,104037,VHM
2018-06-25 04:00:00,91360.0,92720.0,91360.0,92400.0,267825,VHM
2018-06-26 04:00:00,92400.0,92400.0,91280.0,92000.0,140550,VHM
2018-06-27 04:00:00,90000.0,91280.0,88000.0,88000.0,382175,VHM
2018-06-28 04:00:00,88000.0,90400.0,86400.0,88000.0,232400,VHM
2018-06-29 04:00:00,90400.0,90400.0,86800.0,89920.0,402162,VHM
2018-07-02 04:00:00,90000.0,90000.0,88000.0,89040.0,570237,VHM
2018-07-03 04:00:00,89040.0,89040.0,82880.0,82880.0,206787,VHM
2018-07-05 04:00:00,88640.0,92000.0,88640.0,91200.0,1510787,VHM
2018-07-06 04:00:00,89200.0,91120.0,89200.0,90000.0,621300,VHM
2018-07-09 04:00:00,90000.0,90720.0,90000.0,90240.0,167987,VHM
2018-07-10 04:00:00,90160.0,90240.0,86800.0,88800.0,372725,VHM
2018-07-11 04:00:00,88000.0,88800.0,86400.0,87760.0,107962,VHM
2018-07-12 04:00:00,87760.0,88640.0,86400.0,88000.0,141837,VHM
2018-07-13 04:00:00,85840.0,88800.0,85840.0,87440.0,71775,VHM
2018-07-16 04:00:00,88400.0,88400.0,84800.0,84800.0,117187,VHM
2018-07-17 04:00:00,87200.0,88800.0,84800.0,84800.0,513175,VHM
2018-07-18 04:00:00,88000.0,88000.0,85600.0,85920.0,144912,VHM
2018-07-19 04:00:00,86400.0,86400.0,85200.0,85200.0,449725,VHM
2018-07-20 04:00:00,85600.0,86400.0,84880.0,85520.0,452137,VHM
2018-07-23 04:00:00,82400.0,87600.0,82400.0,86240.0,175587,VHM
2018-07-24 04:00:00,86240.0,86240.0,86240.0,86240.0,0,VHM
2018-07-25 04:00:00,85600.0,85600.0,84320.0,85200.0,154875,VHM
2018-07-26 04:00:00,85200.0,86240.0,84800.0,84800.0,257462,VHM
2018-07-27 04:00:00,84800.0,85200.0,84000.0,84720.0,84212,VHM
2018-07-30 04:00:00,84800.0,88400.0,84000.0,88400.0,405675,VHM
2018-07-31 04:00:00,89600.0,89600.0,87040.0,88240.0,213062,VHM
2018-08-01 04:00:00,88240.0,88320.0,86800.0,86880.0,400837,VHM
2018-08-02 04:00:00,87920.0,87920.0,86880.0,87040.0,331512,VHM
2018-08-03 04:00:00,87360.0,87760.0,86800.0,87200.0,497750,VHM
2018-08-06 04:00:00,87200.0,87280.0,87040.0,87200.0,228600,VHM
2018-08-07 04:00:00,87200.0,87200.0,85600.0,86000.0,200625,VHM
2018-08-08 04:00:00,86000.0,87040.0,86000.0,86400.0,167887,VHM
2018-08-09 04:00:00,86400.0,87200.0,86400.0,86960.0,357087,VHM
2018-08-10 04:00:00,87200.0,87200.0,84800.0,85520.0,150587,VHM
2018-08-13 04:00:00,86720.0,86720.0,85520.0,86000.0,1360525,VHM
2018-08-14 04:00:00,85600.0,86400.0,85600.0,86240.0,508262,VHM
2018-08-15 04:00:00,86240.0,86320.0,85680.0,86240.0,545375,VHM
2018-08-16 04:00:00,86240.0,86320.0,85680.0,86240.0,907775,VHM
2018-08-17 04:00:00,91200.0,91200.0,87040.0,87040.0,1406962,VHM
2018-08-20 04:00:00,89120.0,89120.0,87040.0,87040.0,719850,VHM
2018-08-21 04:00:00,87040.0,88400.0,87040.0,87920.0,926600,VHM
2018-08-22 04:00:00,87920.0,88640.0,87680.0,87920.0,519725,VHM
2018-08-23 04:00:00,88000.0,89680.0,88000.0,89520.0,1714725,VHM
2018-08-24 04:00:00,89760.0,90320.0,88880.0,89200.0,1675600,VHM
2018-08-27 04:00:00,89520.0,89520.0,89040.0,89200.0,1142087,VHM
2018-08-28 04:00:00,89200.0,89200.0,88400.0,88800.0,1021475,VHM
2018-08-29 04:00:00,88800.0,88800.0,86640.0,86640.0,379487,VHM
2018-08-30 04:00:00,86400.0,86400.0,85200.0,85920.0,511925,VHM
2018-08-31 04:00:00,85920.0,88960.0,83200.0,83200.0,3784550,VHM
2018-09-04 04:00:00,85520.0,86160.0,83360.0,83920.0,281912,VHM
2018-09-05 04:00:00,84640.0,84800.0,84080.0,84800.0,398200,VHM
2018-09-06 04:00:00,84800.0,84800.0,83680.0,84000.0,359050,VHM
2018-09-07 04:00:00,83200.0,84000.0,83200.0,83840.0,573862,VHM
2018-09-10 04:00:00,84400.0,84400.0,83680.0,83680.0,666187,VHM
2018-09-11 04:00:00,83200.0,84000.0,82960.0,82960.0,604712,VHM
2018-09-12 04:00:00,83840.0,83840.0,83040.0,83200.0,757050,VHM
2018-09-13 04:00:00,83200.0,84480.0,83200.0,84080.0,1046137,VHM
2018-09-14 04:00:00,84640.0,84800.0,84240.0,84400.0,739737,VHM
2018-09-17 04:00:00,84400.0,85360.0,84320.0,84400.0,1609050,VHM
2018-09-18 04:00:00,84400.0,84400.0,83200.0,83680.0,259437,VHM
2018-09-19 04:00:00,84320.0,84320.0,82400.0,83680.0,322700,VHM
2018-09-20 04:00:00,84000.0,84000.0,83120.0,84000.0,421125,VHM
2018-09-21 04:00:00,83680.0,84080.0,81200.0,81200.0,10128150,VHM
2018-09-24 04:00:00,81200.0,82400.0,81200.0,82320.0,793350,VHM
2018-09-25 04:00:00,82400.0,82720.0,81280.0,81920.0,590162,VHM
2018-09-26 04:00:00,81600.0,82000.0,81520.0,81520.0,591975,VHM
2018-09-27 04:00:00,82400.0,83600.0,82400.0,83200.0,657487,VHM
2018-09-28 04:00:00,84400.0,84800.0,83680.0,84800.0,1058412,VHM
2018-10-01 04:00:00,85200.0,85680.0,82480.0,82480.0,654475,VHM
2018-10-02 04:00:00,83440.0,84000.0,83040.0,83200.0,668175,VHM
2018-10-03 04:00:00,83920.0,83920.0,81520.0,81600.0,584962,VHM
2018-10-04 04:00:00,83200.0,83200.0,82080.0,82080.0,414762,VHM
2018-10-05 04:00:00,83200.0,83200.0,81680.0,81680.0,380887,VHM
2018-10-08 04:00:00,82500.0,83000.0,80000.0,80000.0,265800,VHM
2018-10-09 04:00:00,81200.0,82200.0,80000.0,80000.0,267080,VHM
2018-10-10 04:00:00,81500.0,81500.0,80000.0,80100.0,378520,VHM
2018-10-11 04:00:00,77000.0,80200.0,75100.0,76500.0,736740,VHM
2018-10-12 04:00:00,76500.0,79000.0,76000.0,77000.0,666960,VHM
2018-10-15 04:00:00,77000.0,77000.0,73000.0,73100.0,505140,VHM
2018-10-16 04:00:00,73100.0,75100.0,73100.0,74600.0,349810,VHM
2018-10-17 04:00:00,76300.0,77000.0,75000.0,76400.0,300010,VHM
2018-10-18 04:00:00,76400.0,76800.0,75500.0,75600.0,146220,VHM
2018-10-19 04:00:00,74600.0,76100.0,74000.0,74800.0,282610,VHM
2018-10-22 04:00:00,74800.0,75500.0,74700.0,74700.0,252630,VHM
2018-10-23 04:00:00,73800.0,74500.0,73400.0,74100.0,136760,VHM
2018-10-24 04:00:00,73500.0,74200.0,72500.0,72500.0,233830,VHM
2018-10-25 04:00:00,68500.0,70200.0,68000.0,68500.0,479440,VHM
2018-10-26 04:00:00,68500.0,69000.0,63800.0,65000.0,1004220,VHM
2018-10-29 04:00:00,62500.0,63600.0,61000.0,61800.0,338080,VHM
2018-10-30 04:00:00,60100.0,63000.0,60000.0,62100.0,574230,VHM
2018-10-31 04:00:00,62300.0,66400.0,62300.0,66400.0,1099060,VHM
2018-11-01 04:00:00,65100.0,70000.0,65100.0,69000.0,871070,VHM
2018-11-02 04:00:00,70000.0,73800.0,70000.0,72000.0,1170010,VHM
2018-11-05 05:00:00,73000.0,73800.0,71000.0,72000.0,758430,VHM
2018-11-06 05:00:00,73000.0,73000.0,71000.0,72000.0,379000,VHM
2018-11-07 05:00:00,72400.0,72700.0,70800.0,72700.0,298710,VHM
2018-11-08 05:00:00,73400.0,74700.0,73000.0,74700.0,481780,VHM
2018-11-09 05:00:00,74500.0,76600.0,74000.0,76000.0,520370,VHM
2018-11-12 05:00:00,75400.0,76200.0,75100.0,76000.0,274460,VHM
2018-11-13 05:00:00,73100.0,76000.0,73100.0,75800.0,271790,VHM
2018-11-14 05:00:00,75800.0,76000.0,75000.0,75800.0,284050,VHM
2018-11-15 05:00:00,74800.0,75800.0,74500.0,75500.0,301910,VHM
2018-11-16 05:00:00,74500.0,74900.0,70500.0,71200.0,788790,VHM
2018-11-19 05:00:00,71500.0,72900.0,69900.0,72900.0,323690,VHM
2018-11-20 05:00:00,72100.0,75500.0,72100.0,75000.0,500750,VHM
2018-11-21 05:00:00,75000.0,75800.0,73200.0,75800.0,451550,VHM
2018-11-23 05:00:00,77000.0,77800.0,76100.0,76100.0,89640,VHM
2018-11-26 05:00:00,76000.0,77300.0,75500.0,77000.0,301550,VHM
2018-11-27 05:00:00,77500.0,78600.0,77400.0,78300.0,399420,VHM
2018-11-28 05:00:00,78000.0,78400.0,77500.0,78300.0,170200,VHM
2018-11-29 05:00:00,78500.0,78900.0,78400.0,78700.0,473940,VHM
2018-11-30 05:00:00,78700.0,78900.0,76000.0,77800.0,593960,VHM
2018-12-03 05:00:00,78500.0,78700.0,77700.0,77700.0,194530,VHM
2018-12-04 05:00:00,78000.0,83000.0,78000.0,82000.0,700280,VHM
2018-12-06 05:00:00,81000.0,81900.0,80500.0,81400.0,256140,VHM
2018-12-07 05:00:00,81400.0,81400.0,80000.0,80000.0,250620,VHM
2018-12-10 05:00:00,79800.0,80000.0,79000.0,80000.0,345240,VHM
2018-12-11 05:00:00,81400.0,81400.0,79900.0,80300.0,141650,VHM
2018-12-12 05:00:00,80300.0,80300.0,80300.0,80300.0,0,VHM
2018-12-13 05:00:00,80100.0,81300.0,80100.0,80300.0,162470,VHM
2018-12-14 05:00:00,80300.0,80300.0,79500.0,79800.0,97030,VHM
2018-12-17 05:00:00,79800.0,79900.0,76500.0,77500.0,461140,VHM
2018-12-18 05:00:00,76000.0,78000.0,75500.0,77500.0,323660,VHM
2018-12-19 05:00:00,78000.0,78000.0,76700.0,77500.0,217620,VHM
2018-12-20 05:00:00,76800.0,77600.0,76800.0,77400.0,184090,VHM
2018-12-21 05:00:00,76800.0,76800.0,73900.0,73900.0,1469270,VHM
2018-12-24 05:00:00,75000.0,76000.0,74300.0,74400.0,172180,VHM
2018-12-26 05:00:00,73100.0,73500.0,71400.0,72000.0,547940,VHM
2018-12-27 05:00:00,73900.0,73900.0,72900.0,73300.0,304690,VHM
2018-12-28 05:00:00,73300.0,73300.0,73300.0,73300.0,0,VHM
2018-12-31 05:00:00,73300.0,73300.0,73300.0,73300.0,0,VHM
2019-01-02 05:00:00,73700.0,73700.0,72700.0,73500.0,334420,VHM
2019-01-03 05:00:00,72100.0,73200.0,71500.0,73200.0,475210,VHM
2019-01-04 05:00:00,72000.0,74500.0,70900.0,74000.0,277640,VHM
2019-01-07 05:00:00,74600.0,74600.0,73300.0,74200.0,186030,VHM
2019-01-08 05:00:00,74000.0,74200.0,73100.0,74200.0,205460,VHM
2019-01-09 05:00:00,74500.0,74500.0,74000.0,74200.0,92720,VHM
2019-01-10 05:00:00,74500.0,74600.0,73500.0,74600.0,108550,VHM
2019-01-11 05:00:00,74900.0,76600.0,74700.0,76600.0,241490,VHM
2019-01-14 05:00:00,78000.0,78000.0,76600.0,77300.0,193920,VHM
2019-01-15 05:00:00,77000.0,79900.0,77000.0,79900.0,297510,VHM
2019-01-16 05:00:00,79900.0,82000.0,79100.0,80300.0,327390,VHM
2019-01-17 05:00:00,80900.0,81200.0,79800.0,79800.0,214330,VHM
2019-01-18 05:00:00,80400.0,81100.0,79000.0,80500.0,289350,VHM
2019-01-22 05:00:00,80600.0,81000.0,79600.0,79600.0,285720,VHM
2019-01-23 05:00:00,79900.0,80000.0,79000.0,79600.0,214610,VHM
2019-01-24 05:00:00,79600.0,79600.0,78000.0,78800.0,176750,VHM
2019-01-25 05:00:00,78500.0,78700.0,77500.0,78000.0,226260,VHM
2019-01-28 05:00:00,80000.0,80600.0,77800.0,80600.0,284550,VHM
2019-01-29 05:00:00,81500.0,81500.0,80500.0,81500.0,334250,VHM
2019-01-30 05:00:00,80400.0,82000.0,80400.0,82000.0,246940,VHM
2019-01-31 05:00:00,82000.0,82000.0,79600.0,80000.0,773010,VHM
2019-02-01 05:00:00,80000.0,80000.0,79600.0,80000.0,974540,VHM
2019-02-04 05:00:00,80000.0,80000.0,80000.0,80000.0,0,VHM
2019-02-05 05:00:00,80000.0,80000.0,80000.0,80000.0,0,VHM
2019-02-06 05:00:00,80000.0,80000.0,80000.0,80000.0,0,VHM
2019-02-07 05:00:00,80000.0,80000.0,80000.0,80000.0,0,VHM
2019-02-08 05:00:00,80000.0,80000.0,80000.0,80000.0,0,VHM
2019-02-11 05:00:00,81000.0,81000.0,79600.0,79900.0,353110,VHM
2019-02-12 05:00:00,80400.0,80400.0,79500.0,80000.0,531210,VHM
2019-02-13 05:00:00,80100.0,80800.0,79300.0,80000.0,506510,VHM
2019-02-14 05:00:00,80400.0,82600.0,80100.0,81900.0,971710,VHM
2019-02-15 05:00:00,82000.0,82000.0,81100.0,81200.0,422250,VHM
2019-02-19 05:00:00,82500.0,87700.0,82500.0,87000.0,1244300,VHM
2019-02-20 05:00:00,87000.0,90800.0,87000.0,90400.0,815580,VHM
2019-02-21 05:00:00,90500.0,96700.0,89200.0,96700.0,1209870,VHM
2019-02-22 05:00:00,95000.0,96500.0,92700.0,93100.0,950950,VHM
2019-02-25 05:00:00,94500.0,95100.0,91300.0,92000.0,838040,VHM
2019-02-26 05:00:00,92000.0,93000.0,90000.0,92000.0,1103360,VHM
2019-02-27 05:00:00,93000.0,93300.0,91500.0,92700.0,896260,VHM
2019-02-28 05:00:00,92100.0,92300.0,87500.0,87500.0,1270190,VHM
2019-03-01 05:00:00,88500.0,91400.0,87500.0,91000.0,806340,VHM
2019-03-04 05:00:00,92000.0,93500.0,89600.0,93200.0,910620,VHM
2019-03-05 05:00:00,92200.0,92900.0,90500.0,91000.0,1152650,VHM
2019-03-06 05:00:00,91000.0,91900.0,90800.0,91800.0,592410,VHM
2019-03-07 05:00:00,92000.0,95300.0,91900.0,92000.0,1306970,VHM
2019-03-08 05:00:00,92000.0,92900.0,91400.0,91500.0,699850,VHM
2019-03-11 04:00:00,91000.0,92300.0,90000.0,90000.0,533740,VHM
2019-03-12 04:00:00,91200.0,92600.0,90900.0,92300.0,864570,VHM
2019-03-13 04:00:00,92600.0,96000.0,92500.0,94000.0,1654850,VHM
2019-03-14 04:00:00,94300.0,94600.0,92800.0,94000.0,708190,VHM
2019-03-15 04:00:00,94000.0,94000.0,92500.0,93300.0,2496760,VHM
2019-03-18 04:00:00,94000.0,94900.0,94000.0,94300.0,1056390,VHM
2019-03-19 04:00:00,95000.0,95200.0,93500.0,94000.0,1100900,VHM
2019-03-20 04:00:00,93100.0,93400.0,91000.0,92200.0,1061950,VHM
2019-03-21 04:00:00,93000.0,93000.0,88200.0,88200.0,1009930,VHM
2019-03-22 04:00:00,89000.0,91200.0,88000.0,91100.0,957080,VHM
2019-03-25 04:00:00,89500.0,89500.0,87500.0,89000.0,793070,VHM
2019-03-26 04:00:00,90000.0,90700.0,89500.0,89900.0,617980,VHM
2019-03-27 04:00:00,91000.0,91000.0,89900.0,90100.0,389620,VHM
2019-03-28 04:00:00,90300.0,93300.0,90000.0,93100.0,894540,VHM
2019-03-29 04:00:00,94000.0,94300.0,91500.0,91500.0,1054060,VHM
2019-04-01 04:00:00,92400.0,93800.0,91800.0,92400.0,334480,VHM
2019-04-02 04:00:00,93400.0,93700.0,92000.0,92200.0,359690,VHM
2019-04-03 04:00:00,92200.0,92200.0,91100.0,92000.0,281350,VHM
2019-04-04 04:00:00,92700.0,92800.0,91300.0,92000.0,489550,VHM
2019-04-05 04:00:00,92500.0,93200.0,92100.0,92600.0,454260,VHM
2019-04-08 04:00:00,93000.0,94600.0,92700.0,94600.0,657320,VHM
2019-04-09 04:00:00,95000.0,96000.0,93000.0,93800.0,973210,VHM
2019-04-10 04:00:00,93800.0,93800.0,92300.0,92500.0,328400,VHM
2019-04-11 04:00:00,92800.0,93800.0,92200.0,93500.0,233360,VHM
2019-04-12 04:00:00,93400.0,93600.0,92000.0,93300.0,299590,VHM
2019-04-15 04:00:00,93300.0,93300.0,93300.0,93300.0,0,VHM
2019-04-16 04:00:00,90000.0,91900.0,87800.0,91000.0,913790,VHM
2019-04-17 04:00:00,91000.0,91900.0,89700.0,89800.0,761350,VHM
2019-04-18 04:00:00,89900.0,90500.0,88100.0,89000.0,609680,VHM
2019-04-22 04:00:00,89700.0,90000.0,88600.0,90000.0,211620,VHM
2019-04-23 04:00:00,89700.0,90000.0,88900.0,89000.0,494910,VHM
2019-04-24 04:00:00,89700.0,90200.0,89700.0,89700.0,629420,VHM
2019-04-25 04:00:00,89500.0,90200.0,89400.0,90200.0,680080,VHM
2019-04-26 04:00:00,90200.0,92000.0,89900.0,92000.0,1070350,VHM
2019-04-29 04:00:00,92000.0,92000.0,92000.0,92000.0,0,VHM
2019-04-30 04:00:00,92000.0,92000.0,92000.0,92000.0,0,VHM
2019-05-01 04:00:00,92000.0,92000.0,92000.0,92000.0,0,VHM
2019-05-02 04:00:00,92000.0,92300.0,90900.0,91400.0,452510,VHM
2019-05-03 04:00:00,91800.0,91800.0,90400.0,90400.0,621150,VHM
2019-05-06 04:00:00,90000.0,90000.0,88600.0,89000.0,522550,VHM
2019-05-07 04:00:00,89800.0,89800.0,87700.0,87900.0,576290,VHM
2019-05-08 04:00:00,87000.0,87300.0,85400.0,85600.0,894240,VHM
2019-05-09 04:00:00,85000.0,85600.0,83600.0,84500.0,983320,VHM
2019-05-10 04:00:00,85600.0,86000.0,83800.0,84000.0,980260,VHM
2019-05-13 04:00:00,83800.0,85200.0,83800.0,85000.0,691670,VHM
2019-05-14 04:00:00,84000.0,86000.0,84000.0,85000.0,1322520,VHM
2019-05-15 04:00:00,85200.0,86500.0,85200.0,86000.0,1134300,VHM
2019-05-16 04:00:00,86000.0,87100.0,85700.0,87000.0,953330,VHM
2019-05-17 04:00:00,87000.0,87000.0,86300.0,86700.0,791790,VHM
2019-05-20 04:00:00,86500.0,86800.0,85800.0,86800.0,638340,VHM
2019-05-21 04:00:00,87900.0,88100.0,86700.0,86700.0,1056700,VHM
2019-05-22 04:00:00,86200.0,87900.0,86200.0,86500.0,702510,VHM
2019-05-23 04:00:00,86600.0,86600.0,86100.0,86500.0,377180,VHM
2019-05-24 04:00:00,86700.0,86700.0,84500.0,84500.0,854870,VHM
2019-05-28 04:00:00,84400.0,84600.0,83500.0,83500.0,1436600,VHM
2019-05-29 04:00:00,84000.0,84200.0,83400.0,83600.0,921510,VHM
2019-05-30 04:00:00,83600.0,83800.0,82500.0,82600.0,930290,VHM
2019-05-31 04:00:00,83200.0,83200.0,81000.0,82000.0,720930,VHM
2019-06-03 04:00:00,82000.0,82000.0,79600.0,80600.0,527220,VHM
2019-06-04 04:00:00,80500.0,81000.0,78900.0,80600.0,557890,VHM
2019-06-05 04:00:00,81200.0,81500.0,80300.0,80600.0,452630,VHM
2019-06-06 04:00:00,80500.0,80800.0,78900.0,80300.0,582690,VHM
2019-06-07 04:00:00,80500.0,83000.0,79900.0,82200.0,572380,VHM
2019-06-10 04:00:00,83000.0,83000.0,81400.0,82000.0,596360,VHM
2019-06-11 04:00:00,82000.0,82000.0,81300.0,81900.0,375370,VHM
2019-06-12 04:00:00,81500.0,81500.0,79500.0,80000.0,893930,VHM
2019-06-13 04:00:00,79500.0,80000.0,76600.0,80000.0,2022580,VHM
2019-06-14 04:00:00,78800.0,79900.0,78600.0,79900.0,482820,VHM
2019-06-17 04:00:00,79900.0,79900.0,77600.0,78000.0,458320,VHM
2019-06-18 04:00:00,77800.0,78000.0,76300.0,78000.0,1640620,VHM
2019-06-19 04:00:00,78000.0,78300.0,77800.0,78100.0,729570,VHM
2019-06-20 04:00:00,78400.0,78900.0,78000.0,78400.0,1561250,VHM
2019-06-21 04:00:00,78600.0,79300.0,78500.0,78500.0,3742200,VHM
2019-06-24 04:00:00,78600.0,80400.0,78600.0,79500.0,1452270,VHM
2019-06-25 04:00:00,79800.0,80100.0,79500.0,79500.0,866490,VHM
2019-06-26 04:00:00,79300.0,79600.0,78700.0,79000.0,1174210,VHM
2019-06-27 04:00:00,79000.0,79000.0,77500.0,77500.0,815110,VHM
2019-06-28 04:00:00,76600.0,79500.0,76500.0,79300.0,928700,VHM
2019-07-01 04:00:00,79500.0,81000.0,79300.0,81000.0,1090570,VHM
2019-07-02 04:00:00,81000.0,81200.0,80000.0,81100.0,1087630,VHM
2019-07-03 04:00:00,80600.0,82000.0,80100.0,82000.0,1517660,VHM
2019-07-05 04:00:00,82000.0,82000.0,82000.0,82000.0,0,VHM
2019-07-08 04:00:00,82000.0,82000.0,82000.0,82000.0,0,VHM
2019-07-09 04:00:00,82000.0,82000.0,82000.0,82000.0,0,VHM
2019-07-10 04:00:00,82000.0,82000.0,82000.0,82000.0,0,VHM
2019-07-11 04:00:00,82000.0,82000.0,82000.0,82000.0,0,VHM
2019-07-12 04:00:00,82000.0,82000.0,82000.0,82000.0,0,VHM
2019-07-15 04:00:00,82000.0,82000.0,82000.0,82000.0,0,VHM
2019-07-16 04:00:00,82000.0,82000.0,82000.0,82000.0,0,VHM
2019-07-17 04:00:00,83900.0,85500.0,83900.0,84000.0,816530,VHM
2019-07-18 04:00:00,83000.0,84000.0,83000.0,84000.0,513470,VHM
2019-07-19 04:00:00,84000.0,85300.0,83400.0,84500.0,1028110,VHM
2019-07-22 04:00:00,84500.0,84600.0,83800.0,84600.0,471720,VHM
2019-07-23 04:00:00,84600.0,86000.0,84300.0,85800.0,826210,VHM
2019-07-24 04:00:00,86000.0,86700.0,85200.0,85800.0,542990,VHM
2019-07-25 04:00:00,85800.0,85800.0,85800.0,85800.0,0,VHM
2019-07-26 04:00:00,85800.0,85800.0,85800.0,85800.0,0,VHM
2019-07-29 04:00:00,85800.0,85800.0,85800.0,85800.0,0,VHM
2019-07-30 04:00:00,85800.0,85800.0,85800.0,85800.0,0,VHM
2019-07-31 04:00:00,85000.0,89200.0,85000.0,88200.0,991720,VHM
2019-08-01 04:00:00,89000.0,90800.0,88000.0,90500.0,913610,VHM
2019-08-02 04:00:00,88600.0,90200.0,88100.0,90200.0,627380,VHM
2019-08-05 04:00:00,89000.0,90000.0,85200.0,85200.0,902620,VHM
2019-08-06 04:00:00,85200.0,85200.0,85200.0,85200.0,0,VHM
2019-08-07 04:00:00,85000.0,85300.0,83300.0,84000.0,724520,VHM
2019-08-08 04:00:00,84000.0,85500.0,82700.0,84500.0,556040,VHM
2019-08-09 04:00:00,84500.0,84500.0,84500.0,84500.0,0,VHM
2019-08-12 04:00:00,83400.0,84300.0,83300.0,84200.0,229140,VHM
2019-08-13 04:00:00,84000.0,84000.0,82100.0,82900.0,723240,VHM
2019-08-14 04:00:00,83500.0,84400.0,83000.0,83000.0,487320,VHM
2019-08-15 04:00:00,82000.0,84000.0,81000.0,84000.0,368870,VHM
2019-08-16 04:00:00,84000.0,84000.0,84000.0,84000.0,0,VHM
2019-08-19 04:00:00,84000.0,84000.0,84000.0,84000.0,0,VHM
2019-08-20 04:00:00,84000.0,84000.0,84000.0,84000.0,0,VHM
2019-08-21 04:00:00,86600.0,88000.0,86400.0,87300.0,548090,VHM
2019-08-22 04:00:00,87500.0,87900.0,86800.0,87900.0,380330,VHM
2019-08-23 04:00:00,88000.0,88000.0,87000.0,87000.0,582580,VHM
2019-08-26 04:00:00,85000.0,86200.0,85000.0,85900.0,375290,VHM
2019-08-27 04:00:00,85900.0,87900.0,85900.0,86600.0,871250,VHM
2019-08-28 04:00:00,86000.0,87500.0,86000.0,86800.0,297410,VHM
2019-08-29 04:00:00,86800.0,87000.0,85300.0,86800.0,344570,VHM
2019-08-30 04:00:00,86800.0,86800.0,86800.0,86800.0,0,VHM
2019-09-03 04:00:00,87800.0,87900.0,87200.0,87600.0,243420,VHM
2019-09-04 04:00:00,87700.0,89200.0,87200.0,89000.0,862730,VHM
2019-09-05 04:00:00,89000.0,89600.0,88600.0,89000.0,429760,VHM
2019-09-06 04:00:00,89000.0,89000.0,88000.0,88800.0,243750,VHM
2019-09-09 04:00:00,88800.0,88800.0,87900.0,88400.0,336920,VHM
2019-09-10 04:00:00,88400.0,88500.0,87300.0,88000.0,317650,VHM
2019-09-11 04:00:00,87500.0,87800.0,85800.0,86300.0,549770,VHM
2019-09-12 04:00:00,87400.0,87400.0,86300.0,86900.0,289830,VHM
2019-09-13 04:00:00,87400.0,88000.0,86100.0,88000.0,361780,VHM
2019-09-16 04:00:00,87100.0,88900.0,87100.0,88500.0,563460,VHM
2019-09-17 04:00:00,88500.0,90500.0,88400.0,90300.0,921810,VHM
2019-09-18 04:00:00,90300.0,90500.0,89900.0,90400.0,437190,VHM
2019-09-19 04:00:00,90400.0,90400.0,88300.0,90300.0,506070,VHM
2019-09-20 04:00:00,90400.0,90400.0,89500.0,89600.0,1032290,VHM
2019-09-23 04:00:00,89600.0,89900.0,88800.0,89500.0,267270,VHM
2019-09-24 04:00:00,89500.0,89800.0,88900.0,89500.0,286560,VHM
2019-09-25 04:00:00,89100.0,89900.0,88700.0,89500.0,227170,VHM
2019-09-26 04:00:00,89500.0,89900.0,87500.0,88700.0,533860,VHM
2019-09-27 04:00:00,88700.0,89800.0,88300.0,89300.0,384950,VHM
2019-09-30 04:00:00,90000.0,90000.0,88900.0,89300.0,491120,VHM
2019-10-01 04:00:00,89500.0,89500.0,88700.0,89200.0,231930,VHM
2019-10-02 04:00:00,89200.0,89300.0,88500.0,89000.0,462090,VHM
2019-10-03 04:00:00,88500.0,89300.0,88000.0,89300.0,327140,VHM
2019-10-04 04:00:00,89500.0,89500.0,88400.0,89200.0,428530,VHM
2019-10-07 04:00:00,89000.0,89000.0,88200.0,89000.0,481420,VHM
2019-10-08 04:00:00,89000.0,89000.0,88100.0,88600.0,315010,VHM
2019-10-09 04:00:00,88600.0,88800.0,88100.0,88500.0,293220,VHM
2019-10-10 04:00:00,88600.0,88600.0,87600.0,88500.0,359140,VHM
2019-10-11 04:00:00,88600.0,88600.0,88000.0,88400.0,450000,VHM
2019-10-14 04:00:00,88400.0,88400.0,87500.0,87900.0,285650,VHM
2019-10-15 04:00:00,87500.0,87800.0,85800.0,86400.0,643130,VHM
2019-10-16 04:00:00,86400.0,86400.0,85300.0,86400.0,630230,VHM
2019-10-17 04:00:00,86300.0,88000.0,85300.0,86500.0,688380,VHM
2019-10-18 04:00:00,86500.0,87300.0,86200.0,87000.0,327740,VHM
2019-10-21 04:00:00,87000.0,87000.0,85600.0,86500.0,484630,VHM
2019-10-22 04:00:00,86500.0,86800.0,85900.0,86000.0,350630,VHM
2019-10-23 04:00:00,86000.0,86000.0,85000.0,85900.0,535550,VHM
2019-10-24 04:00:00,85700.0,86100.0,85200.0,86100.0,543560,VHM
2019-10-25 04:00:00,86000.0,86200.0,85400.0,86000.0,681140,VHM
2019-10-28 04:00:00,86000.0,86700.0,85500.0,86000.0,728480,VHM
2019-10-29 04:00:00,87000.0,88000.0,86900.0,87600.0,1014970,VHM
2019-10-30 04:00:00,88000.0,89100.0,87700.0,88800.0,737640,VHM
2019-10-31 04:00:00,88800.0,89800.0,88700.0,89000.0,1008560,VHM
2019-11-01 04:00:00,89400.0,95200.0,89200.0,95200.0,2594030,VHM
2019-11-04 05:00:00,95700.0,97500.0,94700.0,96000.0,1124510,VHM
2019-11-05 05:00:00,96000.0,98500.0,95800.0,97900.0,1836960,VHM
2019-11-06 05:00:00,97400.0,101000.0,97400.0,99400.0,1675310,VHM
2019-11-07 05:00:00,99100.0,102300.0,99100.0,99500.0,2081650,VHM
2019-11-08 05:00:00,99500.0,99900.0,98000.0,98500.0,1233370,VHM
2019-11-11 05:00:00,98400.0,99700.0,97900.0,98700.0,765160,VHM
2019-11-12 05:00:00,99000.0,99400.0,97500.0,97800.0,1380830,VHM
2019-11-13 05:00:00,97800.0,98200.0,96600.0,97100.0,1305680,VHM
2019-11-14 05:00:00,98300.0,99300.0,96200.0,96400.0,1480640,VHM
2019-11-15 05:00:00,97200.0,97400.0,96200.0,96300.0,1018490,VHM
2019-11-18 05:00:00,96500.0,96800.0,95700.0,96300.0,1168830,VHM
2019-11-19 05:00:00,96500.0,98400.0,95900.0,96500.0,2305620,VHM
2019-11-20 05:00:00,97200.0,97200.0,95200.0,96200.0,2010940,VHM
2019-11-21 05:00:00,96200.0,96400.0,95100.0,95300.0,3202820,VHM
2019-11-22 05:00:00,95900.0,95900.0,90300.0,93500.0,3791930,VHM
2019-11-25 05:00:00,92500.0,93900.0,91700.0,93200.0,2300820,VHM
2019-11-26 05:00:00,94000.0,94100.0,93300.0,93300.0,3284780,VHM
2019-11-27 05:00:00,93500.0,93500.0,92800.0,93000.0,2135110,VHM
2019-11-29 05:00:00,91600.0,92000.0,90800.0,91900.0,2839310,VHM
2019-12-02 05:00:00,92500.0,93000.0,91400.0,91900.0,4407620,VHM
2019-12-06 05:00:00,92000.0,92200.0,91600.0,92000.0,2525080,VHM
2019-12-09 05:00:00,92000.0,93000.0,91500.0,92000.0,625460,VHM
2019-12-10 05:00:00,92300.0,92300.0,88000.0,91500.0,1548550,VHM
2019-12-11 05:00:00,91300.0,91500.0,89400.0,91100.0,645660,VHM
2019-12-12 05:00:00,91100.0,91200.0,90000.0,91200.0,884980,VHM
2019-12-13 05:00:00,91200.0,91400.0,89100.0,89100.0,419210,VHM
2019-12-16 05:00:00,87600.0,88500.0,85600.0,86100.0,1437780,VHM
2019-12-17 05:00:00,86100.0,87000.0,84600.0,85500.0,859640,VHM
2019-12-18 05:00:00,84700.0,85500.0,83000.0,83900.0,1339840,VHM
2019-12-19 05:00:00,83800.0,85000.0,82500.0,83900.0,1047500,VHM
2019-12-20 05:00:00,84000.0,85600.0,84000.0,84200.0,1525190,VHM
2019-12-23 05:00:00,85000.0,85000.0,83600.0,83800.0,568720,VHM
2019-12-24 05:00:00,83300.0,83800.0,81800.0,83700.0,838840,VHM
2019-12-26 05:00:00,83700.0,84900.0,83200.0,84200.0,426570,VHM
2019-12-27 05:00:00,84200.0,84900.0,83400.0,84500.0,519680,VHM
2019-12-30 05:00:00,84400.0,86600.0,84400.0,85500.0,896520,VHM
2019-12-31 05:00:00,85500.0,85800.0,84500.0,84800.0,430660,VHM
2020-01-02 05:00:00,84500.0,85500.0,84500.0,84900.0,238600,VHM
2020-01-03 05:00:00,84900.0,85400.0,84600.0,85200.0,394470,VHM
2020-01-06 05:00:00,84600.0,85000.0,82800.0,83400.0,1025270,VHM
2020-01-07 05:00:00,83000.0,84800.0,83000.0,83800.0,590360,VHM
2020-01-08 05:00:00,83000.0,83500.0,81000.0,82500.0,553690,VHM
2020-01-09 05:00:00,83400.0,83700.0,82900.0,83300.0,421250,VHM
2020-01-10 05:00:00,83300.0,84900.0,82700.0,84500.0,699780,VHM
2020-01-13 05:00:00,84800.0,86800.0,84500.0,86300.0,882160,VHM
2020-01-14 05:00:00,86200.0,86800.0,86100.0,86300.0,361600,VHM
2020-01-15 05:00:00,86500.0,86500.0,85800.0,86300.0,420650,VHM
2020-01-16 05:00:00,86400.0,86400.0,85900.0,86100.0,441860,VHM
2020-01-17 05:00:00,86200.0,87900.0,86000.0,86000.0,552190,VHM
2020-01-21 05:00:00,86000.0,87500.0,86000.0,87500.0,653680,VHM
2020-01-22 05:00:00,87400.0,89500.0,87300.0,89400.0,673070,VHM
2020-01-23 05:00:00,89400.0,89400.0,89400.0,89400.0,0,VHM
2020-01-24 05:00:00,89400.0,89400.0,89400.0,89400.0,0,VHM
2020-01-27 05:00:00,89400.0,89400.0,89400.0,89400.0,0,VHM
2020-01-28 05:00:00,89400.0,89400.0,89400.0,89400.0,0,VHM
2020-01-29 05:00:00,89400.0,89400.0,89400.0,89400.0,0,VHM
2020-01-30 05:00:00,87200.0,87800.0,85800.0,87400.0,1414000,VHM
2020-01-31 05:00:00,87500.0,88500.0,87100.0,87500.0,1284370,VHM
2020-02-03 05:00:00,83200.0,85900.0,82000.0,85200.0,755310,VHM
2020-02-04 05:00:00,85200.0,86500.0,85000.0,85700.0,829790,VHM
2020-02-05 05:00:00,86800.0,86800.0,85400.0,86000.0,2410370,VHM
2020-02-06 05:00:00,86300.0,87000.0,86000.0,86800.0,484420,VHM
2020-02-07 05:00:00,86900.0,87800.0,86800.0,87000.0,587610,VHM
2020-02-10 05:00:00,86100.0,86700.0,85800.0,86200.0,373600,VHM
2020-02-11 05:00:00,86000.0,86400.0,85500.0,86200.0,602090,VHM
2020-02-12 05:00:00,86700.0,86700.0,86200.0,86500.0,395320,VHM
2020-02-13 05:00:00,86200.0,86400.0,85500.0,86000.0,421050,VHM
2020-02-14 05:00:00,85500.0,88600.0,85500.0,87600.0,481520,VHM
2020-02-18 05:00:00,86600.0,87000.0,85600.0,86000.0,323870,VHM
2020-02-19 05:00:00,85600.0,86500.0,85200.0,86000.0,514110,VHM
2020-02-20 05:00:00,86500.0,87300.0,85900.0,86900.0,271380,VHM
2020-02-21 05:00:00,86500.0,86900.0,86000.0,86100.0,184170,VHM
2020-02-24 05:00:00,83300.0,85100.0,83300.0,84000.0,619380,VHM
2020-02-25 05:00:00,82300.0,83800.0,81000.0,83100.0,410300,VHM
2020-02-26 05:00:00,83000.0,83000.0,80300.0,80900.0,651880,VHM
2020-02-27 05:00:00,79900.0,81000.0,79000.0,80800.0,1280250,VHM
2020-02-28 05:00:00,78500.0,80400.0,78500.0,80400.0,860760,VHM
2020-03-02 05:00:00,79100.0,80600.0,79000.0,80500.0,447980,VHM
2020-03-03 05:00:00,80500.0,81100.0,80200.0,80500.0,742520,VHM
2020-03-04 05:00:00,79100.0,80500.0,78900.0,80500.0,901070,VHM
2020-03-05 05:00:00,80100.0,81500.0,80100.0,81000.0,361110,VHM
2020-03-06 05:00:00,80000.0,80900.0,79000.0,80900.0,339740,VHM
2020-03-09 04:00:00,78600.0,78600.0,75300.0,75300.0,973190,VHM
2020-03-10 04:00:00,71000.0,76500.0,71000.0,76500.0,1050110,VHM
2020-03-11 04:00:00,76500.0,76800.0,71200.0,76500.0,932900,VHM
2020-03-12 04:00:00,75500.0,75500.0,71200.0,72000.0,1161120,VHM
2020-03-13 04:00:00,67000.0,72000.0,67000.0,72000.0,1337180,VHM
2020-03-16 04:00:00,71000.0,71800.0,67500.0,71800.0,968810,VHM
2020-03-17 04:00:00,67500.0,71400.0,67500.0,69900.0,1095460,VHM
2020-03-18 04:00:00,69700.0,70300.0,67500.0,69500.0,1707750,VHM
2020-03-19 04:00:00,67300.0,69300.0,65000.0,68500.0,1482170,VHM
2020-03-20 04:00:00,68500.0,68500.0,63800.0,63800.0,1351550,VHM
2020-03-23 04:00:00,60000.0,62000.0,59400.0,59400.0,198200,VHM
2020-03-24 04:00:00,55400.0,58400.0,55300.0,55300.0,2036510,VHM
2020-03-25 04:00:00,57000.0,59100.0,54000.0,59100.0,1832290,VHM
2020-03-26 04:00:00,59100.0,63000.0,57200.0,61000.0,2020820,VHM
2020-03-27 04:00:00,60000.0,61400.0,58500.0,60000.0,710770,VHM
2020-03-30 04:00:00,55800.0,57000.0,55800.0,55800.0,929820,VHM
2020-03-31 04:00:00,55800.0,57900.0,52000.0,55000.0,661010,VHM
2020-04-01 04:00:00,53200.0,57300.0,53200.0,54800.0,553900,VHM
2020-04-02 04:00:00,54800.0,54800.0,54800.0,54800.0,0,VHM
2020-04-03 04:00:00,56200.0,57700.0,55200.0,57700.0,940470,VHM
2020-04-06 04:00:00,60000.0,61700.0,58600.0,61700.0,534020,VHM
2020-04-07 04:00:00,65500.0,66000.0,62100.0,66000.0,902670,VHM
2020-04-08 04:00:00,64500.0,70000.0,64000.0,70000.0,950920,VHM
2020-04-09 04:00:00,70000.0,70900.0,68800.0,69000.0,854470,VHM
2020-04-13 04:00:00,68000.0,69500.0,67100.0,67300.0,449470,VHM
2020-04-14 04:00:00,68000.0,68900.0,66500.0,68000.0,642490,VHM
2020-04-15 04:00:00,68400.0,69000.0,67500.0,67800.0,533620,VHM
2020-04-16 04:00:00,67600.0,68200.0,66800.0,67500.0,670940,VHM
2020-04-17 04:00:00,67500.0,69200.0,67500.0,68500.0,734070,VHM
2020-04-20 04:00:00,69400.0,69400.0,68000.0,68500.0,512370,VHM
2020-04-21 04:00:00,68000.0,68300.0,66100.0,68000.0,1213590,VHM
2020-04-22 04:00:00,65200.0,68000.0,65200.0,65400.0,1303590,VHM
2020-04-23 04:00:00,67000.0,67400.0,65600.0,66600.0,1093030,VHM
2020-04-24 04:00:00,66600.0,66800.0,64300.0,65000.0,2147870,VHM
2020-04-27 04:00:00,65500.0,66900.0,64000.0,64500.0,1235530,VHM
2020-04-28 04:00:00,67000.0,68500.0,64500.0,64600.0,3631100,VHM
2020-04-29 04:00:00,64600.0,64600.0,64600.0,64600.0,0,VHM
2020-04-30 04:00:00,64600.0,64600.0,64600.0,64600.0,0,VHM
2020-05-01 04:00:00,64600.0,64600.0,64600.0,64600.0,0,VHM
2020-05-04 04:00:00,63600.0,64900.0,63600.0,64900.0,1577040,VHM
2020-05-05 04:00:00,64700.0,65500.0,63400.0,63600.0,2397120,VHM
2020-05-06 04:00:00,63600.0,67500.0,63400.0,67000.0,4286630,VHM
2020-05-07 04:00:00,67500.0,68000.0,66200.0,67600.0,1474450,VHM
2020-05-08 04:00:00,68000.0,72300.0,67800.0,70900.0,3635800,VHM
2020-05-11 04:00:00,71000.0,73900.0,70800.0,73500.0,2792640,VHM
2020-05-12 04:00:00,73300.0,73900.0,72000.0,73500.0,1769100,VHM
2020-05-13 04:00:00,72600.0,73000.0,70900.0,71400.0,3373310,VHM
2020-05-14 04:00:00,70900.0,71400.0,70400.0,70600.0,2268270,VHM
2020-05-15 04:00:00,70600.0,70600.0,70600.0,70600.0,0,VHM
2020-05-18 04:00:00,70600.0,70600.0,70600.0,70600.0,0,VHM
2020-05-19 04:00:00,73000.0,74700.0,72300.0,74700.0,3688710,VHM
2020-05-20 04:00:00,74700.0,74700.0,74700.0,74700.0,0,VHM
2020-05-21 04:00:00,77500.0,78500.0,76800.0,78000.0,2266430,VHM
2020-05-22 04:00:00,77000.0,77400.0,75600.0,76500.0,2154460,VHM
2020-05-26 04:00:00,77500.0,77900.0,76400.0,77900.0,2996560,VHM
2020-05-27 04:00:00,76500.0,77600.0,74600.0,74700.0,3769070,VHM
2020-05-28 04:00:00,74900.0,76000.0,74400.0,75000.0,4347270,VHM
2020-05-29 04:00:00,75600.0,77100.0,75500.0,76600.0,3942120,VHM
2020-06-01 04:00:00,77400.0,79500.0,77300.0,79100.0,3254070,VHM
2020-06-02 04:00:00,79100.0,79200.0,77700.0,77800.0,2635920,VHM
2020-06-03 04:00:00,78000.0,78300.0,77400.0,77900.0,2655470,VHM
2020-06-04 04:00:00,78000.0,78700.0,77000.0,77500.0,3127800,VHM
2020-06-05 04:00:00,77500.0,77500.0,77500.0,77500.0,0,VHM
2020-06-08 04:00:00,77500.0,77500.0,77500.0,77500.0,0,VHM
2020-06-09 04:00:00,77500.0,77500.0,77500.0,77500.0,0,VHM
2020-06-10 04:00:00,77600.0,77800.0,76900.0,77500.0,3218980,VHM
2020-06-11 04:00:00,77500.0,78600.0,76500.0,76500.0,5714800,VHM
2020-06-12 04:00:00,73500.0,75600.0,73500.0,75000.0,3152190,VHM
2020-06-15 04:00:00,75600.0,75700.0,70000.0,70000.0,3356780,VHM
2020-06-16 04:00:00,72800.0,74900.0,72100.0,74900.0,3077090,VHM
2020-06-17 04:00:00,76300.0,77600.0,75000.0,76000.0,2173040,VHM
2020-06-18 04:00:00,75600.0,76700.0,75400.0,76500.0,1636400,VHM
2020-06-19 04:00:00,76100.0,77200.0,76100.0,76500.0,1688070,VHM
2020-06-22 04:00:00,77300.0,78400.0,76900.0,78300.0,2797780,VHM
2020-06-23 04:00:00,78700.0,78700.0,76100.0,77700.0,2146280,VHM
2020-06-24 04:00:00,77700.0,78600.0,75500.0,75700.0,2004540,VHM
2020-06-25 04:00:00,74800.0,75900.0,74300.0,75500.0,1241690,VHM
2020-06-26 04:00:00,76000.0,76600.0,75000.0,75600.0,753970,VHM
2020-06-29 04:00:00,75000.0,75000.0,73200.0,74000.0,1068990,VHM
2020-06-30 04:00:00,75000.0,77000.0,74300.0,75500.0,2302620,VHM
2020-07-01 04:00:00,75300.0,77000.0,75300.0,76900.0,936450,VHM
2020-07-02 04:00:00,77000.0,77400.0,76400.0,76900.0,893400,VHM
2020-07-06 04:00:00,78300.0,81500.0,77400.0,80800.0,4330280,VHM
2020-07-07 04:00:00,81000.0,81900.0,80500.0,80800.0,1414070,VHM
2020-07-08 04:00:00,80300.0,81000.0,79800.0,80400.0,800360,VHM
2020-07-09 04:00:00,80800.0,81700.0,80300.0,80800.0,1220730,VHM
2020-07-10 04:00:00,80800.0,80800.0,80800.0,80800.0,0,VHM
2020-07-13 04:00:00,80100.0,80100.0,79100.0,79100.0,988800,VHM
2020-07-14 04:00:00,78800.0,81000.0,78500.0,80500.0,1461550,VHM
2020-07-15 04:00:00,80500.0,80500.0,80500.0,80500.0,0,VHM
2020-07-16 04:00:00,81100.0,81500.0,80300.0,81500.0,922350,VHM
2020-07-17 04:00:00,81500.0,81500.0,80400.0,80500.0,835720,VHM
2020-07-20 04:00:00,80500.0,81100.0,79000.0,79200.0,1361250,VHM
2020-07-21 04:00:00,79300.0,79500.0,77500.0,78800.0,2108040,VHM
2020-07-22 04:00:00,78800.0,79500.0,77000.0,77500.0,1707150,VHM
2020-07-23 04:00:00,77500.0,78800.0,77500.0,78800.0,882880,VHM
2020-07-24 04:00:00,78000.0,78800.0,74500.0,76000.0,2649390,VHM
2020-07-27 04:00:00,72000.0,74500.0,70900.0,70900.0,2662390,VHM
2020-07-28 04:00:00,71200.0,75800.0,71200.0,75800.0,2561800,VHM
2020-07-29 04:00:00,75300.0,75300.0,72600.0,74000.0,1809000,VHM
2020-07-30 04:00:00,74000.0,77200.0,74000.0,76600.0,1637120,VHM
2020-07-31 04:00:00,74600.0,77900.0,74600.0,77700.0,2417730,VHM
2020-08-03 04:00:00,77000.0,78800.0,76800.0,78500.0,1482350,VHM
2020-08-04 04:00:00,79500.0,79500.0,77800.0,79000.0,1382760,VHM
2020-08-05 04:00:00,79000.0,79700.0,77800.0,79600.0,1303680,VHM
2020-08-06 04:00:00,79000.0,79900.0,78600.0,79600.0,1072220,VHM
2020-08-07 04:00:00,79700.0,80000.0,78600.0,79600.0,1199110,VHM
2020-08-10 04:00:00,79800.0,80000.0,78900.0,79600.0,1688770,VHM
2020-08-11 04:00:00,79900.0,79900.0,78600.0,79400.0,905140,VHM
2020-08-12 04:00:00,79600.0,79600.0,78400.0,79400.0,1497320,VHM
2020-08-13 04:00:00,79500.0,79700.0,78700.0,79400.0,2025090,VHM
2020-08-14 04:00:00,78900.0,80900.0,78900.0,79700.0,1189750,VHM
2020-08-17 04:00:00,79000.0,79900.0,78400.0,79700.0,1107050,VHM
2020-08-18 04:00:00,79700.0,79700.0,78600.0,79600.0,1425980,VHM
2020-08-19 04:00:00,79500.0,80900.0,78900.0,80000.0,1155260,VHM
2020-08-20 04:00:00,80000.0,82200.0,79800.0,80000.0,2428430,VHM
2020-08-21 04:00:00,80000.0,80100.0,79500.0,79500.0,1074330,VHM
2020-08-24 04:00:00,80000.0,80600.0,79700.0,80000.0,1475240,VHM
2020-08-25 04:00:00,80000.0,80500.0,79600.0,79600.0,1907340,VHM
2020-08-26 04:00:00,79600.0,80300.0,79300.0,79500.0,2249680,VHM
2020-08-27 04:00:00,79400.0,79500.0,78200.0,78500.0,2357000,VHM
2020-08-28 04:00:00,79000.0,79100.0,78300.0,78600.0,1742840,VHM
2020-08-31 04:00:00,78500.0,79200.0,78200.0,78500.0,1682380,VHM
2020-09-01 04:00:00,78300.0,78900.0,77500.0,78700.0,1565620,VHM
2020-09-02 04:00:00,78700.0,78700.0,78700.0,78700.0,0,VHM
2020-09-03 04:00:00,79100.0,80600.0,78700.0,79600.0,2913590,VHM
2020-09-04 04:00:00,79200.0,80300.0,78800.0,80000.0,2171010,VHM
2020-09-08 04:00:00,79200.0,79600.0,78200.0,78500.0,1816120,VHM
2020-09-09 04:00:00,78000.0,78600.0,77500.0,78600.0,1956880,VHM
2020-09-10 04:00:00,79000.0,80600.0,77800.0,78100.0,4229990,VHM
2020-09-11 04:00:00,78100.0,78200.0,77500.0,77700.0,2344930,VHM
2020-09-14 04:00:00,77700.0,78300.0,77500.0,77500.0,1824670,VHM
2020-09-15 04:00:00,77900.0,77900.0,76500.0,76800.0,4717630,VHM
2020-09-16 04:00:00,76800.0,76800.0,76800.0,76800.0,0,VHM
2020-09-17 04:00:00,77200.0,77400.0,76600.0,76700.0,1809830,VHM
2020-09-18 04:00:00,77000.0,77200.0,76700.0,76900.0,1791160,VHM
2020-09-21 04:00:00,77100.0,77600.0,77100.0,77100.0,1677550,VHM
2020-09-22 04:00:00,77100.0,77200.0,76500.0,76800.0,1612500,VHM
2020-09-23 04:00:00,77000.0,77900.0,76900.0,77500.0,1398940,VHM
2020-09-24 04:00:00,77500.0,78400.0,77100.0,77100.0,1704250,VHM
2020-09-25 04:00:00,77100.0,77900.0,77000.0,77100.0,919900,VHM
2020-09-28 04:00:00,77300.0,77800.0,76600.0,76600.0,2015680,VHM
2020-09-29 04:00:00,76700.0,76900.0,75100.0,75300.0,3772160,VHM
2020-09-30 04:00:00,75300.0,76400.0,75100.0,75500.0,1677150,VHM
2020-10-01 04:00:00,76300.0,77200.0,76100.0,77100.0,1359510,VHM
2020-10-02 04:00:00,77000.0,77400.0,75000.0,75900.0,1730820,VHM
2020-10-05 04:00:00,76000.0,76900.0,75900.0,76000.0,1080840,VHM
2020-10-06 04:00:00,76000.0,76800.0,76000.0,76100.0,1505510,VHM
2020-10-07 04:00:00,76100.0,77400.0,76100.0,76800.0,2596060,VHM
2020-10-08 04:00:00,77000.0,77200.0,76300.0,76600.0,1043430,VHM
2020-10-09 04:00:00,76600.0,77400.0,76500.0,77000.0,1456580,VHM
2020-10-12 04:00:00,77200.0,79200.0,77000.0,77500.0,4265300,VHM
2020-10-13 04:00:00,77900.0,78600.0,77600.0,78100.0,1233860,VHM
2020-10-14 04:00:00,78400.0,78900.0,78100.0,78500.0,2030870,VHM
2020-10-15 04:00:00,78700.0,79100.0,77500.0,77500.0,2689830,VHM
2020-10-16 04:00:00,77900.0,77900.0,76900.0,77000.0,1811510,VHM
2020-10-19 04:00:00,76800.0,77000.0,76000.0,76100.0,2467450,VHM
2020-10-20 04:00:00,76100.0,76600.0,75800.0,76200.0,2257630,VHM
2020-10-21 04:00:00,76400.0,77700.0,76200.0,76400.0,1862630,VHM
2020-10-22 04:00:00,76500.0,77500.0,76200.0,77500.0,1591870,VHM
2020-10-23 04:00:00,78000.0,79900.0,77800.0,79500.0,5830890,VHM
2020-10-26 04:00:00,80500.0,81100.0,78500.0,78500.0,3668950,VHM
2020-10-27 04:00:00,79000.0,79200.0,77600.0,77600.0,2422480,VHM
2020-10-28 04:00:00,77200.0,77700.0,75600.0,75600.0,3139990,VHM
2020-10-29 04:00:00,75500.0,76700.0,75400.0,76200.0,2088330,VHM
2020-10-30 04:00:00,77000.0,77000.0,74900.0,76000.0,3013800,VHM
2020-11-02 05:00:00,76000.0,76300.0,75400.0,75900.0,1162890,VHM
2020-11-03 05:00:00,76200.0,76200.0,75500.0,75800.0,2067320,VHM
2020-11-04 05:00:00,76000.0,76500.0,75700.0,75900.0,1825770,VHM
2020-11-05 05:00:00,76000.0,76900.0,75700.0,75700.0,1779570,VHM
2020-11-06 05:00:00,75700.0,76000.0,75600.0,75700.0,1695290,VHM
2020-11-09 05:00:00,76000.0,78000.0,76000.0,78000.0,3746870,VHM
2020-11-10 05:00:00,78700.0,79000.0,77400.0,77400.0,3627750,VHM
2020-11-11 05:00:00,77900.0,78100.0,76600.0,76600.0,2717770,VHM
2020-11-12 05:00:00,76600.0,77500.0,76600.0,77200.0,1464300,VHM
2020-11-13 05:00:00,77200.0,78500.0,77200.0,78300.0,2425260,VHM
2020-11-16 05:00:00,78600.0,79200.0,76000.0,76600.0,4096110,VHM
2020-11-17 05:00:00,77000.0,78300.0,76700.0,78300.0,2250180,VHM
2020-11-18 05:00:00,78200.0,78200.0,77300.0,77300.0,2008090,VHM
2020-11-19 05:00:00,77500.0,78200.0,77200.0,77500.0,2451380,VHM
2020-11-20 05:00:00,78000.0,78800.0,77600.0,78500.0,2692820,VHM
2020-11-23 05:00:00,79400.0,80900.0,79300.0,80600.0,5107110,VHM
2020-11-24 05:00:00,81000.0,83800.0,80600.0,83800.0,5458900,VHM
2020-11-25 05:00:00,84000.0,85700.0,83400.0,83500.0,3544000,VHM
2020-11-27 05:00:00,82700.0,83500.0,82100.0,83000.0,2024240,VHM
2020-11-30 05:00:00,83500.0,84300.0,82200.0,82600.0,3533370,VHM
2020-12-01 05:00:00,81500.0,83300.0,81500.0,83300.0,2597660,VHM
2020-12-02 05:00:00,83200.0,85800.0,83200.0,85200.0,4703540,VHM
2020-12-03 05:00:00,85600.0,85600.0,84500.0,84900.0,1673260,VHM
2020-12-04 05:00:00,85000.0,85200.0,84100.0,84900.0,2190950,VHM
2020-12-07 05:00:00,84500.0,85100.0,83800.0,84700.0,1479390,VHM
2020-12-08 05:00:00,84900.0,85700.0,84300.0,84400.0,1532530,VHM
2020-12-09 05:00:00,84500.0,85300.0,84200.0,85000.0,2136700,VHM
2020-12-10 05:00:00,85400.0,85700.0,83600.0,83600.0,2406160,VHM
2020-12-11 05:00:00,83600.0,85000.0,83400.0,85000.0,2406180,VHM
2020-12-14 05:00:00,85400.0,87000.0,85000.0,87000.0,2974170,VHM
2020-12-15 05:00:00,86500.0,88100.0,85000.0,86000.0,4050090,VHM
2020-12-16 05:00:00,86000.0,86600.0,85500.0,86200.0,1812470,VHM
2020-12-17 05:00:00,86000.0,86000.0,84500.0,84700.0,4870320,VHM
2020-12-18 05:00:00,84700.0,86000.0,84600.0,85300.0,3038890,VHM
2020-12-21 05:00:00,85600.0,87300.0,85600.0,87100.0,3322250,VHM
2020-12-22 05:00:00,87200.0,87900.0,86400.0,86900.0,2163130,VHM
2020-12-23 05:00:00,87400.0,89000.0,86800.0,87400.0,3220800,VHM
2020-12-24 05:00:00,88000.0,88100.0,84500.0,86300.0,2687430,VHM
2020-12-28 05:00:00,88500.0,88600.0,86700.0,87700.0,1905670,VHM
2020-12-29 05:00:00,87700.0,90500.0,87100.0,90300.0,3451160,VHM
2020-12-30 05:00:00,90600.0,92000.0,90000.0,90200.0,2027680,VHM
2020-12-31 05:00:00,91200.0,91400.0,89500.0,89500.0,1272810,VHM
2021-01-04 05:00:00,91000.0,92900.0,89900.0,92000.0,307750,VHM
2021-01-05 05:00:00,91800.0,96000.0,91500.0,95600.0,285320,VHM
2021-01-06 05:00:00,96600.0,96600.0,94200.0,94800.0,283820,VHM
2021-01-07 05:00:00,94800.0,95100.0,93400.0,94800.0,292640,VHM
2021-01-08 05:00:00,95500.0,96800.0,95300.0,96400.0,218720,VHM
2021-01-11 05:00:00,98000.0,103100.0,97600.0,103100.0,451270,VHM
2021-01-12 05:00:00,104800.0,104900.0,103100.0,103400.0,286260,VHM
2021-01-13 05:00:00,104000.0,104100.0,99600.0,100900.0,297250,VHM
2021-01-14 05:00:00,100900.0,101200.0,98600.0,99600.0,327480,VHM
2021-01-15 05:00:00,100700.0,101600.0,99400.0,101600.0,207810,VHM
2021-01-19 05:00:00,100000.0,100700.0,94000.0,96800.0,355250,VHM
2021-01-20 05:00:00,97000.0,103000.0,94500.0,97500.0,345730,VHM
2021-01-21 05:00:00,98000.0,99400.0,97800.0,99000.0,301830,VHM
2021-01-22 05:00:00,99400.0,101000.0,98900.0,99300.0,226280,VHM
2021-01-25 05:00:00,99500.0,100100.0,98600.0,99500.0,214200,VHM
2021-01-26 05:00:00,99600.0,99700.0,95000.0,98000.0,210570,VHM
2021-01-27 05:00:00,96000.0,98200.0,91500.0,93900.0,331200,VHM
2021-01-28 05:00:00,87500.0,89700.0,87400.0,87400.0,319760,VHM
2021-01-29 05:00:00,84000.0,93500.0,84000.0,93500.0,546940,VHM
2021-02-01 05:00:00,93600.0,95000.0,88300.0,88300.0,263420,VHM
2021-02-02 05:00:00,89000.0,94400.0,88000.0,94400.0,275690,VHM
2021-02-03 05:00:00,94500.0,98900.0,94500.0,97200.0,336590,VHM
2021-02-04 05:00:00,97200.0,98900.0,95200.0,98400.0,249890,VHM
2021-02-05 05:00:00,98900.0,99600.0,98300.0,99300.0,224580,VHM
2021-02-08 05:00:00,99300.0,99400.0,92500.0,94700.0,480310,VHM
2021-02-09 05:00:00,95900.0,97300.0,93900.0,96800.0,266860,VHM
2021-02-10 05:00:00,96800.0,96800.0,96800.0,96800.0,0,VHM
2021-02-11 05:00:00,96800.0,96800.0,96800.0,96800.0,0,VHM
2021-02-12 05:00:00,96800.0,96800.0,96800.0,96800.0,0,VHM
2021-02-16 05:00:00,96800.0,96800.0,96800.0,96800.0,0,VHM
2021-02-17 05:00:00,98000.0,101200.0,97000.0,101000.0,370170,VHM
2021-02-18 05:00:00,101000.0,103200.0,100000.0,103200.0,449940,VHM
2021-02-19 05:00:00,102000.0,103400.0,101300.0,103100.0,191180,VHM
2021-02-22 05:00:00,103600.0,106200.0,103600.0,105800.0,439050,VHM
2021-02-23 05:00:00,105800.0,106400.0,104000.0,105300.0,203910,VHM
2021-02-24 05:00:00,105300.0,105300.0,105300.0,105300.0,0,VHM
2021-02-25 05:00:00,105300.0,105300.0,105300.0,105300.0,0,VHM
2021-02-26 05:00:00,101300.0,102800.0,100400.0,101600.0,238560,VHM
2021-03-01 05:00:00,102000.0,103400.0,101900.0,103000.0,230200,VHM
2021-03-02 05:00:00,104000.0,104500.0,101700.0,102800.0,246000,VHM
2021-03-03 05:00:00,102500.0,102500.0,101300.0,101500.0,214840,VHM
2021-03-04 05:00:00,101900.0,102000.0,98000.0,100000.0,271430,VHM
2021-03-05 05:00:00,98400.0,99500.0,98000.0,98400.0,286530,VHM
2021-03-08 05:00:00,99700.0,99800.0,96800.0,97200.0,304650,VHM
2021-03-09 05:00:00,97000.0,99300.0,95200.0,98200.0,219630,VHM
2021-03-10 05:00:00,99500.0,100300.0,98000.0,99900.0,240670,VHM
2021-03-11 05:00:00,101000.0,101400.0,98900.0,100000.0,172690,VHM
2021-03-12 05:00:00,100000.0,101200.0,99300.0,99900.0,173340,VHM
2021-03-15 04:00:00,99900.0,100000.0,98500.0,99800.0,228840,VHM
2021-03-16 04:00:00,99600.0,99800.0,98100.0,99500.0,131750,VHM
2021-03-17 04:00:00,98800.0,99700.0,98100.0,99300.0,200740,VHM
2021-03-18 04:00:00,99500.0,99900.0,98000.0,99700.0,137480,VHM
2021-03-19 04:00:00,99000.0,99300.0,97800.0,97800.0,274720,VHM
2021-03-22 04:00:00,98700.0,99500.0,98000.0,99300.0,157670,VHM
2021-03-23 04:00:00,98600.0,99200.0,98000.0,98700.0,131990,VHM
2021-03-24 04:00:00,97600.0,98000.0,96000.0,97200.0,210330,VHM
2021-03-25 04:00:00,97200.0,97700.0,95000.0,96700.0,240400,VHM
2021-03-26 04:00:00,96500.0,96700.0,94100.0,95700.0,226580,VHM
2021-03-29 04:00:00,96000.0,96500.0,95100.0,96200.0,144600,VHM
2021-03-30 04:00:00,96200.0,97900.0,95900.0,96300.0,290130,VHM
2021-03-31 04:00:00,96500.0,98400.0,96500.0,97300.0,189750,VHM
2021-04-01 04:00:00,97500.0,99500.0,97100.0,99000.0,257870,VHM
2021-04-05 04:00:00,105000.0,105000.0,101000.0,101700.0,265320,VHM
2021-04-06 04:00:00,101700.0,103000.0,101300.0,101700.0,210260,VHM
2021-04-07 04:00:00,100700.0,101400.0,99500.0,100500.0,248530,VHM
2021-04-08 04:00:00,100500.0,100500.0,99700.0,99700.0,158490,VHM
2021-04-09 04:00:00,99200.0,99200.0,98000.0,98900.0,211110,VHM
2021-04-12 04:00:00,99500.0,102000.0,99300.0,101800.0,326990,VHM
2021-04-13 04:00:00,102900.0,105000.0,101800.0,102500.0,401680,VHM
2021-04-14 04:00:00,98500.0,100500.0,97900.0,100500.0,816900,VHM
2021-04-15 04:00:00,101800.0,104500.0,100700.0,101200.0,797230,VHM
2021-04-16 04:00:00,101200.0,104500.0,98000.0,101000.0,659310,VHM
2021-04-19 04:00:00,103000.0,104500.0,101300.0,104500.0,910490,VHM
2021-04-20 04:00:00,107300.0,111800.0,106600.0,108600.0,1526600,VHM
2021-04-21 04:00:00,108600.0,108600.0,108600.0,108600.0,0,VHM
2021-04-22 04:00:00,109000.0,112400.0,103100.0,103100.0,664790,VHM
2021-04-23 04:00:00,103600.0,105000.0,102000.0,105000.0,882320,VHM
2021-04-26 04:00:00,105000.0,105000.0,99600.0,99600.0,898260,VHM
2021-04-27 04:00:00,99600.0,101100.0,98200.0,100000.0,397980,VHM
2021-04-28 04:00:00,100000.0,102900.0,100000.0,100900.0,575690,VHM
2021-04-29 04:00:00,101400.0,101500.0,99000.0,99300.0,537430,VHM
2021-04-30 04:00:00,99300.0,99300.0,99300.0,99300.0,0,VHM
2021-05-03 04:00:00,99300.0,99300.0,99300.0,99300.0,0,VHM
2021-05-04 04:00:00,98000.0,99500.0,96100.0,99200.0,438850,VHM
2021-05-05 04:00:00,99200.0,101200.0,99200.0,99600.0,285060,VHM
2021-05-06 04:00:00,99600.0,101000.0,98700.0,98700.0,279360,VHM
2021-05-07 04:00:00,98500.0,99500.0,97000.0,97100.0,511420,VHM
2021-05-10 04:00:00,96100.0,99800.0,96100.0,99100.0,393370,VHM
2021-05-11 04:00:00,99900.0,99900.0,98000.0,98000.0,314260,VHM
2021-05-12 04:00:00,97500.0,98300.0,96800.0,97700.0,351030,VHM
2021-05-13 04:00:00,97200.0,98300.0,96900.0,97000.0,256060,VHM
2021-05-14 04:00:00,97000.0,98500.0,96900.0,97200.0,299050,VHM
2021-05-17 04:00:00,99500.0,103500.0,99300.0,100800.0,591300,VHM
2021-05-18 04:00:00,101600.0,102000.0,98900.0,98900.0,345570,VHM
2021-05-19 04:00:00,99000.0,100700.0,98500.0,100400.0,287100,VHM
2021-05-20 04:00:00,100400.0,102000.0,99200.0,102000.0,392310,VHM
2021-05-21 04:00:00,101500.0,104200.0,100500.0,103900.0,607580,VHM
2021-05-24 04:00:00,103900.0,103900.0,103900.0,103900.0,0,VHM
2021-05-25 04:00:00,105200.0,105900.0,104200.0,104600.0,286510,VHM
2021-05-26 04:00:00,104600.0,107200.0,103800.0,105700.0,467910,VHM
2021-05-27 04:00:00,106000.0,107500.0,98700.0,104400.0,453070,VHM
2021-05-28 04:00:00,105000.0,105500.0,103200.0,104600.0,323770,VHM
2021-06-01 04:00:00,102000.0,105700.0,101300.0,104000.0,386910,VHM
2021-06-02 04:00:00,103500.0,105500.0,103000.0,104400.0,266410,VHM
2021-06-03 04:00:00,104600.0,106000.0,104600.0,105400.0,504490,VHM
2021-06-04 04:00:00,107000.0,107300.0,103800.0,104500.0,363520,VHM
2021-06-07 04:00:00,104500.0,106800.0,104500.0,106000.0,4249400,VHM
2021-06-08 04:00:00,106000.0,106000.0,106000.0,106000.0,0,VHM
2021-06-09 04:00:00,106000.0,106800.0,104500.0,106100.0,3322600,VHM
2021-06-10 04:00:00,105500.0,107000.0,104000.0,104100.0,3369400,VHM
2021-06-11 04:00:00,104000.0,106400.0,103800.0,106000.0,3884300,VHM
2021-06-14 04:00:00,107100.0,110900.0,107100.0,109900.0,7532600,VHM
2021-06-15 04:00:00,112000.0,113100.0,111100.0,112600.0,5394500,VHM
2021-06-16 04:00:00,112000.0,113000.0,109100.0,110000.0,4021200,VHM
2021-06-17 04:00:00,108500.0,110000.0,108100.0,109000.0,3866300,VHM
2021-06-18 04:00:00,110000.0,116000.0,108800.0,112500.0,4789800,VHM
2021-06-21 04:00:00,111900.0,113000.0,111000.0,112000.0,3350800,VHM
2021-06-22 04:00:00,111900.0,112300.0,111500.0,111500.0,2497800,VHM
2021-06-23 04:00:00,112000.0,112000.0,108900.0,111300.0,3874800,VHM
2021-06-24 04:00:00,110900.0,115000.0,110000.0,112100.0,3936900,VHM
2021-06-25 04:00:00,112900.0,113500.0,111600.0,112100.0,2846300,VHM
2021-06-28 04:00:00,113000.0,115500.0,112400.0,115500.0,7156600,VHM
2021-06-29 04:00:00,116000.0,119400.0,115800.0,118600.0,5907600,VHM
2021-06-30 04:00:00,119000.0,120400.0,117300.0,118000.0,5135400,VHM
2021-07-01 04:00:00,117100.0,118500.0,116800.0,117200.0,3700200,VHM
2021-07-02 04:00:00,117200.0,119200.0,116500.0,118000.0,3152400,VHM
2021-07-06 04:00:00,118000.0,118000.0,118000.0,118000.0,0,VHM
2021-07-07 04:00:00,118000.0,118000.0,118000.0,118000.0,0,VHM
2021-07-08 04:00:00,118000.0,118000.0,118000.0,118000.0,0,VHM
2021-07-09 04:00:00,113700.0,115900.0,111500.0,112500.0,3902100,VHM
2021-07-12 04:00:00,112500.0,112500.0,112500.0,112500.0,0,VHM
2021-07-13 04:00:00,109900.0,109900.0,106000.0,109500.0,2562500,VHM
2021-07-14 04:00:00,109500.0,109500.0,109500.0,109500.0,0,VHM
2021-07-15 04:00:00,108500.0,110600.0,108500.0,110300.0,4555800,VHM
2021-07-16 04:00:00,110300.0,110300.0,110300.0,110300.0,0,VHM
2021-07-19 04:00:00,106900.0,107700.0,103300.0,104300.0,3189800,VHM
2021-07-20 04:00:00,105600.0,106600.0,103000.0,106600.0,4045600,VHM
2021-07-21 04:00:00,107500.0,108800.0,106600.0,108000.0,3042000,VHM
2021-07-22 04:00:00,108000.0,111000.0,107000.0,111000.0,3402500,VHM
2021-07-23 04:00:00,110000.0,111500.0,107600.0,107600.0,2635200,VHM
2021-07-26 04:00:00,107500.0,110600.0,107200.0,109600.0,2753500,VHM
2021-07-27 04:00:00,110700.0,110800.0,107600.0,107800.0,5342500,VHM
2021-07-28 04:00:00,107100.0,107700.0,105600.0,106500.0,4909500,VHM
2021-07-29 04:00:00,109000.0,109300.0,106500.0,107900.0,3954600,VHM
2021-07-30 04:00:00,108000.0,108800.0,107000.0,108300.0,4731600,VHM
2021-08-02 04:00:00,108300.0,108300.0,108300.0,108300.0,0,VHM
2021-08-03 04:00:00,107800.0,112200.0,107800.0,110900.0,9951300,VHM
2021-08-04 04:00:00,110900.0,110900.0,110900.0,110900.0,0,VHM
2021-08-05 04:00:00,110400.0,111700.0,109900.0,111700.0,5258200,VHM
2021-08-06 04:00:00,112000.0,114500.0,111800.0,113900.0,11226500,VHM
2021-08-09 04:00:00,113900.0,117400.0,113500.0,117400.0,6329000,VHM
2021-08-10 04:00:00,117400.0,117400.0,117400.0,117400.0,0,VHM
2021-08-11 04:00:00,117000.0,117700.0,115400.0,116000.0,8250600,VHM
2021-08-12 04:00:00,115800.0,117300.0,115200.0,117000.0,5228900,VHM
2021-08-13 04:00:00,118000.0,120700.0,117200.0,120000.0,10159600,VHM
2021-08-16 04:00:00,121900.0,121900.0,114600.0,116000.0,18686700,VHM
2021-08-17 04:00:00,116000.0,116000.0,116000.0,116000.0,0,VHM
2021-08-18 04:00:00,110000.0,113500.0,107900.0,110000.0,23516400,VHM
2021-08-19 04:00:00,110000.0,111400.0,109000.0,111000.0,18153200,VHM
2021-08-20 04:00:00,111000.0,111000.0,107800.0,108100.0,20500700,VHM
2021-08-23 04:00:00,107500.0,109000.0,107200.0,107200.0,15955500,VHM
2021-08-24 04:00:00,107500.0,108100.0,106500.0,107300.0,20691400,VHM
2021-08-25 04:00:00,107500.0,107900.0,106800.0,107000.0,16184100,VHM
2021-08-26 04:00:00,107000.0,107400.0,105000.0,106600.0,13182400,VHM
2021-08-27 04:00:00,106000.0,106900.0,105000.0,106900.0,9953900,VHM
2021-08-30 04:00:00,107100.0,107700.0,106600.0,106900.0,8782700,VHM
2021-08-31 04:00:00,107000.0,107100.0,106200.0,106400.0,10567000,VHM
2021-09-01 04:00:00,83384.6015625,84000.0,82000.0,82307.703125,28570360,VHM
2021-09-02 04:00:00,82307.703125,82307.703125,82307.703125,82307.703125,0,VHM
2021-09-03 04:00:00,82307.703125,82307.703125,82307.703125,82307.703125,0,VHM
2021-09-07 04:00:00,83846.203125,85384.6015625,83461.5,84307.703125,15078570,VHM
2021-09-08 04:00:00,84307.703125,84307.703125,84307.703125,84307.703125,0,VHM
2021-09-09 04:00:00,82692.296875,83769.203125,82384.6015625,82846.203125,12902500,VHM
2021-09-10 04:00:00,83076.8984375,83769.203125,82692.296875,82692.296875,19751030,VHM
2021-09-13 04:00:00,83076.8984375,83153.796875,82153.796875,82307.703125,12768080,VHM
2021-09-14 04:00:00,82307.703125,83384.6015625,82076.8984375,82307.703125,18532878,VHM
2021-09-15 04:00:00,82300.0,83500.0,80700.0,81900.0,9287400,VHM
2021-09-16 04:00:00,82000.0,82500.0,80000.0,80100.0,7925100,VHM
2021-09-17 04:00:00,80100.0,81500.0,79600.0,81200.0,6873600,VHM
2021-09-20 04:00:00,80800.0,81100.0,79900.0,79900.0,5456900,VHM
2021-09-21 04:00:00,79900.0,79900.0,79900.0,79900.0,0,VHM
2021-09-22 04:00:00,79900.0,79900.0,79900.0,79900.0,0,VHM
2021-09-23 04:00:00,78100.0,79500.0,78000.0,79300.0,4687300,VHM
2021-09-24 04:00:00,79300.0,80300.0,79300.0,79600.0,457730000,VHM
2021-09-27 04:00:00,79600.0,79600.0,78200.0,78200.0,5151700,VHM
2021-09-28 04:00:00,77500.0,79400.0,77400.0,78500.0,5298500,VHM
2021-09-29 04:00:00,78500.0,78900.0,77700.0,78200.0,2992100,VHM
2021-09-30 04:00:00,78500.0,79400.0,78200.0,78300.0,3151100,VHM
2021-10-01 04:00:00,78300.0,78300.0,77000.0,77000.0,4115400,VHM
2021-10-04 04:00:00,77000.0,78200.0,76200.0,78000.0,410460000,VHM
2021-10-05 04:00:00,77800.0,79600.0,77500.0,79400.0,4573100,VHM
2021-10-06 04:00:00,79400.0,79400.0,79400.0,79400.0,0,VHM
2021-10-07 04:00:00,80600.0,80800.0,79700.0,80000.0,2556200,VHM
2021-10-08 04:00:00,79800.0,80800.0,79700.0,79900.0,3466200,VHM
2021-10-11 04:00:00,79900.0,79900.0,79900.0,79900.0,0,VHM
2021-10-12 04:00:00,81000.0,81600.0,80400.0,80900.0,8096900,VHM
2021-10-13 04:00:00,81000.0,81000.0,79900.0,80000.0,5259700,VHM
2021-10-14 04:00:00,80000.0,80000.0,80000.0,80000.0,0,VHM
2021-10-15 04:00:00,78900.0,79500.0,78100.0,78700.0,5269100,VHM
2021-10-18 04:00:00,78700.0,78700.0,78700.0,78700.0,0,VHM
2021-10-19 04:00:00,78900.0,79800.0,78500.0,79400.0,5568400,VHM
2021-10-20 04:00:00,79600.0,79600.0,78200.0,78800.0,5507700,VHM
2021-10-21 04:00:00,78800.0,78900.0,77900.0,77900.0,5861900,VHM
2021-10-22 04:00:00,78200.0,78900.0,78000.0,78000.0,4153100,VHM
2021-10-25 04:00:00,78000.0,78000.0,78000.0,78000.0,0,VHM
2021-10-26 04:00:00,78900.0,79300.0,78500.0,78700.0,2940100,VHM
2021-10-27 04:00:00,78900.0,81200.0,78900.0,81000.0,8780700,VHM
2021-10-28 04:00:00,81300.0,81500.0,80500.0,81000.0,5310000,VHM
2021-10-29 04:00:00,81200.0,85500.0,81200.0,85500.0,15578000,VHM
2021-11-01 04:00:00,85500.0,85500.0,85500.0,85500.0,0,VHM
2021-11-02 04:00:00,84400.0,85000.0,84300.0,85200.0,5784000,VHM
2021-11-03 04:00:00,85100.0,85500.0,82600.0,82900.0,1123050000,VHM
2021-11-04 04:00:00,82500.0,83500.0,81800.0,82700.0,8241100,VHM
2021-11-05 04:00:00,82200.0,82800.0,81600.0,82000.0,8244100,VHM
2021-11-08 05:00:00,82500.0,83000.0,81500.0,82400.0,8203200,VHM
2021-11-09 05:00:00,82500.0,84500.0,82000.0,83000.0,8139200,VHM
2021-11-10 05:00:00,83400.0,83500.0,82600.0,82600.0,4154800,VHM
2021-11-11 05:00:00,82700.0,82800.0,81400.0,81500.0,9431300,VHM
2021-11-12 05:00:00,81600.0,82000.0,80800.0,82000.0,5317400,VHM
2021-11-15 05:00:00,82500.0,84400.0,82100.0,84000.0,9673200,VHM
2021-11-16 05:00:00,84000.0,84300.0,82700.0,83000.0,6114200,VHM
2021-11-17 05:00:00,83000.0,84000.0,82800.0,83500.0,5259600,VHM
2021-11-18 05:00:00,83500.0,83900.0,82400.0,82800.0,6316700,VHM
2021-11-19 05:00:00,82900.0,83100.0,80000.0,80500.0,7517600,VHM
2021-11-22 05:00:00,81200.0,81500.0,79700.0,81000.0,6326700,VHM
2021-11-23 05:00:00,81000.0,82500.0,80700.0,82500.0,3583700,VHM
2021-11-24 05:00:00,82700.0,83700.0,81800.0,83700.0,7322400,VHM
2021-11-26 05:00:00,83900.0,84900.0,83200.0,83300.0,8576100,VHM
2021-11-29 05:00:00,81600.0,84800.0,81600.0,84800.0,11265700,VHM
2021-11-30 05:00:00,85500.0,85500.0,83000.0,84600.0,8501600,VHM
2021-12-01 05:00:00,84200.0,84500.0,82800.0,82900.0,6787500,VHM
2021-12-02 05:00:00,83200.0,83400.0,82300.0,82300.0,4813200,VHM
2021-12-03 05:00:00,82600.0,83100.0,80200.0,80200.0,5699400,VHM
2021-12-06 05:00:00,80900.0,81100.0,79400.0,79700.0,6641800,VHM
2021-12-07 05:00:00,80600.0,81800.0,80200.0,81600.0,4522700,VHM
2021-12-08 05:00:00,81700.0,81800.0,80900.0,81000.0,3810100,VHM
2021-12-09 05:00:00,81100.0,81800.0,80600.0,81600.0,2766400,VHM
2021-12-10 05:00:00,81300.0,81600.0,80600.0,80900.0,4327100,VHM
2021-12-13 05:00:00,81000.0,83500.0,80900.0,82100.0,6503000,VHM
2021-12-14 05:00:00,82500.0,83000.0,81900.0,82100.0,3082100,VHM
2021-12-15 05:00:00,82200.0,82900.0,81600.0,82600.0,3589800,VHM
2021-12-16 05:00:00,82800.0,82800.0,81700.0,82300.0,3290500,VHM
2021-12-17 05:00:00,82400.0,86000.0,82400.0,84500.0,25185800,VHM
2021-12-20 05:00:00,85200.0,85200.0,83300.0,83500.0,4652600,VHM
2021-12-21 05:00:00,83500.0,86800.0,83500.0,86000.0,16016300,VHM
2021-12-22 05:00:00,86800.0,87500.0,85200.0,85700.0,8928800,VHM
2021-12-23 05:00:00,85900.0,86100.0,82500.0,82500.0,8897300,VHM
2021-12-27 05:00:00,83100.0,83500.0,81500.0,82800.0,4999700,VHM
2021-12-28 05:00:00,83000.0,84200.0,82600.0,82800.0,4469100,VHM
2021-12-29 05:00:00,82900.0,83500.0,81700.0,81700.0,5229300,VHM
2021-12-30 05:00:00,82400.0,82400.0,81600.0,81600.0,5845500,VHM
2021-12-31 05:00:00,82000.0,82300.0,81600.0,82000.0,4633900,VHM
2022-01-04 05:00:00,82700.0,85400.0,82500.0,85100.0,10190100,VHM
2022-01-05 05:00:00,85100.0,85900.0,84000.0,84000.0,7373100,VHM
2022-01-06 05:00:00,84000.0,86000.0,84000.0,85300.0,10551700,VHM
2022-01-07 05:00:00,85500.0,86400.0,84300.0,85400.0,8240800,VHM
2022-01-10 05:00:00,85500.0,87400.0,84600.0,85400.0,9915000,VHM
2022-01-11 05:00:00,85500.0,85700.0,83000.0,83600.0,6135600,VHM
2022-01-12 05:00:00,83000.0,84400.0,81400.0,83600.0,6533800,VHM
2022-01-13 05:00:00,84000.0,84300.0,82000.0,82200.0,6683500,VHM
2022-01-14 05:00:00,82000.0,82800.0,81600.0,82200.0,3589700,VHM
2022-01-18 05:00:00,79200.0,80000.0,76100.0,77000.0,8073900,VHM
2022-01-19 05:00:00,77000.0,78300.0,77000.0,77600.0,3344400,VHM
2022-01-20 05:00:00,77600.0,79600.0,77400.0,78600.0,3627700,VHM
2022-01-21 05:00:00,79400.0,79500.0,77700.0,79400.0,5040100,VHM
2022-01-24 05:00:00,78700.0,79000.0,76200.0,76200.0,5605300,VHM
2022-01-25 05:00:00,76500.0,81000.0,75700.0,81000.0,5762000,VHM
2022-01-26 05:00:00,81000.0,81200.0,80000.0,81200.0,3922600,VHM
2022-01-27 05:00:00,81200.0,81800.0,79700.0,81000.0,4446800,VHM
2022-01-28 05:00:00,80400.0,81200.0,80200.0,80300.0,3900100,VHM
2022-01-31 05:00:00,80300.0,80300.0,80300.0,80300.0,0,VHM
2022-02-07 05:00:00,81600.0,83000.0,81200.0,82200.0,4868100,VHM
2022-02-08 05:00:00,82500.0,82500.0,81000.0,81200.0,3101900,VHM
2022-02-09 05:00:00,81200.0,84000.0,81200.0,81500.0,4706300,VHM
2022-02-10 05:00:00,81800.0,81800.0,79600.0,80100.0,5872800,VHM
2022-02-11 05:00:00,80000.0,80500.0,79500.0,79700.0,3480800,VHM
2022-02-14 05:00:00,79000.0,79500.0,78100.0,78100.0,5093500,VHM
2022-02-15 05:00:00,78100.0,78100.0,78100.0,78100.0,0,VHM
2022-02-16 05:00:00,80300.0,80500.0,79700.0,80000.0,2334400,VHM
2022-02-17 05:00:00,80000.0,80800.0,79700.0,80800.0,2803200,VHM
2022-02-18 05:00:00,80000.0,80300.0,79600.0,79700.0,3373300,VHM
2022-02-22 05:00:00,79300.0,79500.0,78400.0,79300.0,5146700,VHM
2022-02-23 05:00:00,79800.0,80300.0,79300.0,79400.0,2850000,VHM
2022-02-24 05:00:00,79300.0,79500.0,77100.0,78600.0,5284300,VHM
2022-02-25 05:00:00,79000.0,79300.0,78300.0,78300.0,2693300,VHM
2022-02-28 05:00:00,78300.0,78600.0,77500.0,77500.0,2837300,VHM
2022-03-01 05:00:00,77500.0,78200.0,77500.0,78000.0,2459200,VHM
2022-03-02 05:00:00,77700.0,78000.0,77000.0,77500.0,3397800,VHM
